id,zone,source,from_lat,from_lon,to_lat,to_lon,departure_2026_09_29,straight_m,share_inside_mkad,yandex_best_min,yandex_variants_min,v4_min,v5_min
0,vostok,plan,55.7048,37.7662,55.727735,37.71363,09:33,4165,1.0,34,34 39 44,27,30
1,vostok,plan,55.727735,37.71363,55.729476,37.71297,10:30,198,1.0,7,7,8,5
2,vostok,plan,55.729476,37.71297,55.764994,37.66859,11:08,4828,1.0,41,41 41 54,31,32
3,vostok,plan,55.764994,37.66859,55.765888,37.66725,12:59,130,1.0,2,2,8,3
4,vostok,plan,55.765888,37.66725,55.757518,37.70321,13:37,2435,1.0,23,23 26 31,18,24
5,vostok,plan,55.757518,37.70321,55.757388,37.70371,14:30,34,1.0,10,10,8,3
6,vostok,plan,55.757388,37.70371,55.764688,37.66753,16:30,2405,1.0,26,26 26 34,18,24
7,vostok,plan,55.764688,37.66753,55.742294,37.65541,18:08,2603,1.0,27,27 32 32,19,24
8,vostok,plan,55.742294,37.65541,55.740776,37.65155,18:57,295,1.0,4,4,8,6
9,vostok,plan,55.7048,37.7662,55.7174,37.79043,10:00,2066,1.0,11,11 21 32,16,23
10,vostok,plan,55.7174,37.79043,55.717518,37.79133,11:26,58,1.0,1,1,8,3
11,vostok,plan,55.717518,37.79133,55.716024,37.79015,13:10,182,1.0,3,3,8,4
12,vostok,plan,55.716024,37.79015,55.714124,37.81865,15:10,1798,1.0,14,14 24 25 31,15,22
13,vostok,plan,55.714124,37.81865,55.715076,37.81961,17:20,122,1.0,3,3,8,3
14,vostok,plan,55.715076,37.81961,55.717282,37.79009,18:48,1865,1.0,11,11 18 22,15,22
15,vostok,plan,55.717282,37.79009,55.716224,37.79043,20:13,120,1.0,2,2,8,3
16,vostok,plan,55.7048,37.7662,55.7081,37.73271,12:00,2130,1.0,11,11 28 36 755,17,23
17,vostok,plan,55.7081,37.73271,55.704906,37.76579,12:47,2103,1.0,11,11 20 27 764,16,23
18,vostok,plan,55.704906,37.76579,55.705482,37.76637,14:30,74,1.0,3,3,8,3
19,yugo_vostok,plan,55.5915,37.6764,55.590276,37.67745,09:52,151,1.0,3,3,8,4
20,yugo_vostok,plan,55.590276,37.67745,55.437441,37.76457,10:30,17858,0.053,61,61 61 73,43,63
21,yugo_vostok,plan,55.437441,37.76457,55.604088,37.72869,11:43,18667,0.036,53,53 53 69,44,63
22,yugo_vostok,plan,55.604088,37.72869,55.435241,37.76473,12:57,18912,0.035,66,66 66 69,45,63
23,yugo_vostok,plan,55.435241,37.76473,55.435241,37.76435,14:12,24,0.0,1,1,8,3
24,yugo_vostok,plan,55.435241,37.76435,54.900994,38.07243,14:50,62545,0.0,95,95 100 203,127,110
25,yugo_vostok,plan,54.900994,38.07243,54.900171,38.07205,18:17,95,0.0,6,6,8,3
26,yugo_vostok,plan,55.5915,37.6764,55.591241,37.68017,10:00,239,1.0,4,4,8,5
27,yugo_vostok,plan,55.591241,37.68017,54.8547,38.19147,12:28,88085,0.011,145,145 145 172,180,141
28,yugo_vostok,plan,54.8547,38.19147,54.854135,38.19105,16:38,68,0.0,1,1,8,3
29,yugo_vostok,plan,54.854135,38.19105,54.854041,38.18985,18:06,78,0.0,2,2,8,3
30,yugo_vostok,plan,54.854041,38.18985,54.854112,38.18915,19:34,45,0.0,2,2,8,3
31,yugo_vostok,plan,54.854112,38.18915,54.8521,38.18955,21:02,225,0.0,4,4,8,5
32,yugo_vostok,plan,55.5915,37.6764,55.622818,37.66775,12:00,3525,1.0,26,26 26 35,24,27
33,yugo_vostok,plan,55.622818,37.66775,55.585935,37.64031,12:54,4449,1.0,30,30 32 43,29,31
34,yugo_vostok,plan,55.585935,37.64031,55.586418,37.64441,13:53,263,1.0,3,3,8,6
35,yugo_vostok,plan,55.586418,37.64441,55.586465,37.64491,15:21,32,1.0,1,1,8,3
36,yugo_vostok,plan,55.586465,37.64491,55.437076,37.76721,16:30,18309,0.067,53,53 53 87,45,64
37,yugo_vostok,plan,55.437076,37.76721,55.435406,37.76427,17:45,262,0.0,4,4,8,6
38,yugo_vostok,plan,55.435406,37.76427,54.899476,38.07319,18:30,62739,0.0,87,87 115 208,128,110
39,yugocenter,plan,55.6523,37.6134,55.666812,37.61399,09:46,1614,1.0,21,21 26 26,14,21
40,yugocenter,plan,55.666812,37.61399,55.734024,37.63431,10:30,7581,1.0,35,35 40 42,45,41
41,yugocenter,plan,55.734024,37.63431,55.709706,37.62405,11:45,2779,1.0,17,17 19 22,20,25
42,yugocenter,plan,55.709706,37.62405,55.707341,37.62745,12:35,338,1.0,6,6,8,7
43,yugocenter,plan,55.707341,37.62745,55.708612,37.62569,13:13,179,1.0,5,5,8,4
44,yugocenter,plan,55.708612,37.62569,55.707271,37.62765,14:30,193,1.0,12,12 12,8,4
45,yugocenter,plan,55.707271,37.62765,55.668765,37.61163,16:30,4398,1.0,25,25 27 37,28,30
46,yugocenter,plan,55.668765,37.61163,55.667906,37.61101,17:28,103,1.0,2,2,8,3
47,yugocenter,plan,55.667906,37.61101,55.687659,37.57445,18:30,3175,1.0,35,35 35 37,22,26
48,yugocenter,plan,55.687659,37.57445,55.688424,37.57441,19:22,85,1.0,1,1,8,3
49,yugocenter,plan,55.6523,37.6134,55.681888,37.70119,10:00,6414,1.0,25,25 67 305,39,37
50,yugocenter,plan,55.681888,37.70119,55.684312,37.70047,11:49,273,1.0,8,8,8,6
51,yugocenter,plan,55.684312,37.70047,55.686235,37.57573,13:07,7822,1.0,45,45 46 79,46,42
52,yugocenter,plan,55.686235,37.57573,55.686694,37.57721,15:10,106,1.0,2,2,8,3
53,yugocenter,plan,55.686694,37.57721,55.687871,37.57495,17:10,193,1.0,3,3,8,4
54,yugocenter,plan,55.687871,37.57495,55.7084,37.62717,18:28,3990,1.0,31,31 32 37,26,29
55,yugocenter,plan,55.7084,37.62717,55.682147,37.69839,20:04,5333,1.0,44,44 45 46 50,33,34
56,yugocenter,plan,55.6523,37.6134,55.693159,37.54533,13:22,6234,1.0,43,43 43 45,38,37
57,yugocenter,plan,55.693159,37.54533,55.688624,37.57419,15:20,1878,1.0,25,25 25 27,15,22
58,yugocenter,plan,55.688624,37.57419,55.684288,37.70019,16:30,7913,1.0,40,40 46 74,47,42
59,yugocenter,plan,55.684288,37.70019,55.683488,37.70115,17:47,107,1.0,7,7,8,3
60,vostok,extra,55.716224,37.79043,55.716053,37.81993,10:00,1848,1.0,22,22 28 33,15,22
61,vostok,extra,55.717282,37.79009,55.715512,37.81725,11:30,1713,1.0,12,12 24 28 37,14,21
62,vostok,extra,55.717282,37.79009,55.714618,37.81861,13:00,1811,1.0,13,13 15 24,15,22
63,vostok,extra,55.7154,37.79369,55.705129,37.76753,14:30,1997,1.0,10,10 29 32,16,22
64,vostok,extra,55.7048,37.7662,55.708747,37.72967,16:00,2330,1.0,10,10 30 32 517,18,23
65,vostok,extra,55.7048,37.7662,55.716053,37.81993,10:30,3591,1.0,22,22 35 44 73,24,28
66,vostok,extra,55.703765,37.76539,55.7174,37.79043,12:00,2182,1.0,14,14 33 34,17,23
67,vostok,extra,55.7048,37.7662,55.719335,37.67203,15:00,6116,1.0,27,27 27 34,37,36
68,vostok,extra,55.7048,37.7662,55.758212,37.70733,10:00,6990,1.0,39,39 45 60,42,39
69,vostok,extra,55.7048,37.7662,55.729476,37.71297,11:30,4318,1.0,38,38 38 40,28,30
70,vostok,extra,55.7048,37.7662,55.764994,37.66859,13:00,9063,1.0,41,41 44 50,53,46
71,vostok,extra,55.703765,37.76539,55.741329,37.65439,14:30,8110,1.0,24,24 37 44,48,43
72,vostok,extra,55.703765,37.76539,55.740247,37.65455,16:00,8040,1.0,24,24 39 47,47,43
73,yugo_vostok,extra,55.621453,37.74719,55.635871,37.76597,10:30,1990,1.0,24,24 26 30 39,16,22
74,yugo_vostok,extra,55.635871,37.76597,55.621194,37.74973,12:00,1924,1.0,27,27 27 35,16,22
75,yugo_vostok,extra,55.635024,37.76579,55.622088,37.74879,15:00,1791,1.0,24,24 25 27,15,22
76,yugo_vostok,extra,55.635612,37.76637,55.622088,37.74879,10:00,1865,1.0,24,24 28 32,15,22
77,yugo_vostok,extra,55.5915,37.6764,55.619806,37.70423,11:30,3600,1.0,47,47 47 47,24,28
78,yugo_vostok,extra,55.5915,37.6764,55.621124,37.67071,13:00,3313,1.0,27,27 32 36,23,27
79,yugo_vostok,extra,55.5915,37.6764,55.619276,37.70525,14:30,3581,1.0,36,36 45 49,24,28
80,yugo_vostok,extra,55.5915,37.6764,55.6197,37.74893,16:00,5531,1.0,46,46 51 51,34,34
81,yugo_vostok,extra,55.5915,37.6764,55.621641,37.74889,10:30,5654,1.0,52,52 52 57,35,35
82,yugo_vostok,extra,55.605218,37.73335,55.586465,37.64491,12:00,5935,1.0,51,51 51 55,36,36
83,yugo_vostok,extra,55.5915,37.6764,55.634894,37.76389,15:00,7312,1.0,45,45 53 68,44,40
84,yugo_vostok,extra,55.621453,37.74719,55.585959,37.64489,10:00,7541,1.0,48,48 68 69,45,41
85,yugo_vostok,extra,55.591241,37.68017,55.634894,37.76389,11:30,7156,1.0,47,47 56 80,43,40
86,yugo_vostok,extra,55.5915,37.6764,55.435971,37.76407,13:00,18154,0.061,66,66 72 72,44,63
87,yugo_vostok,extra,55.5915,37.6764,55.436182,37.76773,14:30,18203,0.061,67,67 67 67,45,63
88,yugo_vostok,extra,55.5915,37.6764,54.852606,38.19189,16:00,88427,0.012,140,140 337 425 441,182,142
89,yugo_vostok,extra,55.5915,37.6764,54.899476,38.07319,10:30,80955,0.014,134,134 134 200 295,167,133
90,yugocenter,extra,55.656441,37.59079,55.667906,37.61101,12:00,1798,1.0,26,26 31 32 33,15,22
91,yugocenter,extra,55.686235,37.57573,55.676735,37.60003,15:00,1854,1.0,13,13 25 26,15,22
92,yugocenter,extra,55.686694,37.57721,55.676735,37.60003,10:00,1809,1.0,14,14 21 25,15,22
93,yugocenter,extra,55.687482,37.57425,55.693159,37.54533,11:30,1919,1.0,26,26 26 26,15,22
94,yugocenter,extra,55.707671,37.62607,55.676735,37.60003,13:00,3807,1.0,26,26 26 29,25,28
95,yugocenter,extra,55.7084,37.62717,55.686694,37.57721,14:30,3953,1.0,34,34 38 40,26,29
96,yugocenter,extra,55.7084,37.62717,55.734024,37.63431,16:00,2884,1.0,24,24 24 27,20,25
97,yugocenter,extra,55.6523,37.6134,55.707671,37.62607,10:30,6208,1.0,33,33 40 41,38,37
98,yugocenter,extra,55.6523,37.6134,55.686235,37.57573,12:00,4452,1.0,34,34 35 44,29,31
99,yugocenter,extra,55.6523,37.6134,55.687671,37.57253,15:00,4694,1.0,30,30 35 42,30,31
100,yugocenter,extra,55.6523,37.6134,55.734518,37.57125,10:00,9516,1.0,57,57 57 67,55,48
101,yugocenter,extra,55.688035,37.57715,55.683418,37.70005,11:30,7721,1.0,44,44 47 69,46,42
102,yugocenter,extra,55.656441,37.59079,55.734588,37.63669,13:00,9153,1.0,40,40 41 47,53,47
200,yugo_vostok,near_mkad,55.5915,37.6764,55.553,37.709,10:00,4746,0.232,37,37 64 70,18,48
201,yugo_vostok,near_mkad,55.5915,37.6764,55.59,37.74,11:00,4000,0.545,52,52 52 55,20,50
202,yugo_vostok,near_mkad,55.5915,37.6764,55.63,37.849,12:00,11655,0.427,90,90 91 95,44,65
203,yugo_vostok,near_mkad,55.5915,37.6764,55.58,37.9,13:00,14110,0.144,119,119 125 133,40,61
204,yugo_vostok,near_mkad,55.5915,37.6764,55.499,37.56,14:00,12626,0.153,87,87 92 99,36,59
205,yugo_vostok,near_mkad,55.5915,37.6764,55.542,37.53,15:00,10725,0.362,62,62 80,39,61
206,vostok,near_mkad,55.7048,37.7662,55.76,37.86,16:00,8495,0.819,63,63 63 65,45,66
207,vostok,near_mkad,55.7048,37.7662,55.796,37.938,10:00,14779,0.448,68,68 75 94,56,72
208,vostok,near_mkad,55.7048,37.7662,55.676,37.898,11:00,8860,0.499,38,38 39 43,37,60
209,vostok,near_mkad,55.7048,37.7662,55.66,37.86,12:00,7707,0.625,39,39 39 44,36,60
210,vostok,near_mkad,55.7048,37.7662,55.745,37.864,13:00,7582,0.787,41,41 45 56,40,63
211,yugocenter,near_mkad,55.6523,37.6134,55.542,37.53,14:00,13337,0.685,44,44 47 91 738,61,76
212,yugocenter,near_mkad,55.6523,37.6134,55.499,37.56,15:00,17374,0.513,57,57 74 76,68,80
300,vostok,walk_boundary,55.703765,37.76539,55.709155,37.76539,10:00,599,1.0,9,9,9,11
301,vostok,walk_boundary,55.704624,37.76733,55.704624,37.780084,11:00,799,1.0,9,9 10,10,14
302,vostok,walk_boundary,55.719335,37.67203,55.710352,37.67203,12:00,999,1.0,18,18 21 23,11,17
303,vostok,walk_boundary,55.705541,37.76685,55.705541,37.746124,13:00,1299,1.0,18,18 19 20,12,20
304,yugo_vostok,walk_boundary,55.602547,37.72867,55.602547,37.738211,14:00,599,1.0,9,9 11 11,9,11
305,yugo_vostok,walk_boundary,55.635871,37.76597,55.628685,37.76597,15:00,799,1.0,15,15 28,10,14
306,yugo_vostok,walk_boundary,55.620582,37.67113,55.620582,37.655221,10:00,999,1.0,16,16 19 19,11,17
307,yugo_vostok,walk_boundary,55.636012,37.76825,55.64769,37.76825,11:00,1299,1.0,33,33 43 46,12,20
308,yugocenter,walk_boundary,55.687871,37.57495,55.682481,37.57495,12:00,599,1.0,10,10,9,11
309,yugocenter,walk_boundary,55.734588,37.63669,55.734588,37.623926,13:00,799,1.0,12,12,10,14
310,yugocenter,walk_boundary,55.682147,37.69839,55.69113,37.69839,14:00,999,1.0,19,19 20 39,11,17
311,yugocenter,walk_boundary,55.734141,37.57031,55.734141,37.591051,15:00,1299,1.0,18,18 20 40,12,20
