Заявка;Тип заявки BK;Статус BK;Тип заявки HD;Начало;Окончание;Район;Адрес;Бригада;Подключение;Гигабитное подключение
305927238;Подключение;Не отправлена;Конвергенция абонента;17.08.2026 20:00;17.08.2026 22:00;Кузьминки;Город Москва, пр-кт.Волгоградский, д. 128 к 5, кв. 1;;FMC;Нет
305838184;Подключение;Отправлена;Конвергенция абонента;17.08.2026 18:00;17.08.2026 20:00;Таганский;Город Москва, пер.Маяковского, д. 2, кв. 59;Бригада Соколов;FMC;Нет
305857695;Подключение;Отправлена;Заявка на подключение;17.08.2026 18:00;17.08.2026 20:00;Текстильщики;Город Москва, ул.Грайвороновская, д. 10 к 2, кв. 71;Бригада Мельников;;Да
305849742;Подключение;Отправлена;Конвергенция абонента;17.08.2026 20:00;17.08.2026 22:00;Рязанский;Город Москва, ул.Михайлова, д. 14, кв. 13;Бригада Матвеев;FMC;Нет
305886764;Подключение;Отправлена;Конвергенция абонента;17.08.2026 18:00;17.08.2026 20:00;Рязанский;Город Москва, ул.3-я Институтская, д. 5 к 2, кв. 36;Бригада Матвеев;FMC;Нет
305893375;Подключение;Отправлена;Конвергенция абонента;17.08.2026 18:00;17.08.2026 20:00;Рязанский;Город Москва, ул.1-я Новокузьминская, д. 16 к 1, кв. 11;Бригада Матвеев;FMC;Нет
305738126;Подключение;Отправлена;Конвергенция абонента;17.08.2026 20:00;17.08.2026 22:00;Кузьминки;Город Москва, ул.Окская, д. 32, кв. 42;Бригада Попов;FMC;Нет
305821472;Подключение;В пути;Конвергенция абонента;17.08.2026 16:00;17.08.2026 18:00;Кузьминки;Город Москва, ул.Юных Ленинцев, д. 84, кв. 13;Бригада Арташкин;FMC;Нет
305887331;Подключение;Отменена;Конвергенция абонента;17.08.2026 10:00;17.08.2026 12:00;Таганский;Город Москва, ул.Международная, д. 28 стр. 1, кв. 186;Бригада Соколов;FMC;Нет
305896844;Подключение;Отменена;Конвергенция абонента;17.08.2026 12:00;17.08.2026 14:00;Таганский;Город Москва, ул.Новорогожская, д. 8, кв. 18;Бригада Соколов;FMC;Нет
305891560;Подключение;Отменена;Конвергенция абонента;17.08.2026 16:00;17.08.2026 18:00;Текстильщики;Город Москва, ул.Чистова, д. 12, кв. 61;Бригада Мельников;FMC;Нет
305828555;Подключение;Отменена;Конвергенция абонента;17.08.2026 12:00;17.08.2026 14:00;Рязанский;Город Москва, ул.Паперника, д. 19, кв. 35;Бригада Комарь;FMC;Нет
305919472;Подключение;Отменена;Конвергенция абонента;17.08.2026 14:00;17.08.2026 16:00;Рязанский;Город Москва, ул.Окская, д. 48/2, кв. 13;Бригада Попов;FMC;Нет
305886674;Подключение;Отменена;Конвергенция абонента;17.08.2026 16:00;17.08.2026 18:00;Южнопортовый;Город Москва, ул.Трофимова, д. 24 к 2, кв. 26;Бригада Каушнян;FMC;Нет
305866236;Подключение;В работе;Конвергенция абонента;17.08.2026 14:00;17.08.2026 16:00;Южнопортовый;Город Москва, ул.1-я Дубровская, д. 6, кв. 41;Бригада Каушнян;FMC;Нет
305863399;Подключение;Выполнена;Конвергенция абонента;17.08.2026 12:00;17.08.2026 14:00;Таганский;Город Москва, ул.Рогожский Вал, д. 2/50, кв. 65;Бригада Соколов;FMC;Нет
305853044;Подключение;Выполнена;Конвергенция абонента;17.08.2026 10:00;17.08.2026 12:00;Таганский;Город Москва, ул.Талалихина, д. 2/1 к 4, кв. 387;Бригада Зверев;FMC;Нет
305885296;Подключение;Выполнена;Конвергенция абонента;17.08.2026 14:00;17.08.2026 16:00;Текстильщики;Город Москва, ул.Артюхиной, д. 20А, кв. 16;Бригада Зверев;FMC;Нет
305888536;Подключение;Выполнена;Конвергенция абонента;17.08.2026 10:00;17.08.2026 12:00;Текстильщики;Город Москва, ул.Малышева, д. 13, кв. 68;Бригада Мельников;FMC;Нет
305813811;Подключение;Выполнена;Заявка на подключение;17.08.2026 12:00;17.08.2026 14:00;Нижегородский;Город Москва, ул.Бронницкая, д. 12, кв. 7;Бригада Матвеев;;Нет
305825144;Подключение;Выполнена;Конвергенция абонента;17.08.2026 12:00;17.08.2026 14:00;Лефортово;Город Москва, ул.Авиамоторная, д. 14, кв. 1;Бригада Перов;FMC;Нет
305890789;Подключение;Выполнена;Конвергенция абонента;17.08.2026 12:00;17.08.2026 14:00;Кузьминки;Город Москва, ул.Фёдора Полетаева, д. 2 к 6, кв. 131;Бригада Арташкин;FMC;Нет
305482292;Подключение;Выполнена;Конвергенция абонента;17.08.2026 10:00;17.08.2026 12:00;Рязанский;Город Москва, ул.Зарайская, д. 51 к 2, кв. 67;Бригада Комарь;FMC;Нет
305863056;Подключение;Выполнена;Конвергенция абонента;17.08.2026 14:00;17.08.2026 16:00;Текстильщики;Город Москва, ул.Саратовская, д. 14/1, кв. 24;Бригада Комарь;FMC;Нет
305622276;Подключение;Выполнена;Заявка на подключение;17.08.2026 10:00;17.08.2026 12:00;Нижегородский;Город Москва, ул.Нижегородская, д. 63, кв. 112;Бригада Попов;;Нет
305838445;Подключение;Выполнена;Заказ подключения/Дозаказ оборудования;17.08.2026 12:00;17.08.2026 14:00;Нижегородский;Город Москва, ул.Смирновская, д. 6, кв. 35;Бригада Попов;FTTB;Нет
305896248;Подключение;Выполнена;Конвергенция абонента;17.08.2026 12:00;17.08.2026 14:00;Нижегородский;Город Москва, ул.Нижегородская, д. 61, кв. 30;Бригада Попов;FMC;Нет
305857498;Подключение;Выполнена;Конвергенция абонента;17.08.2026 10:00;17.08.2026 12:00;Кузьминки;Город Москва, ул.Зеленодольская, д. 28Б, кв. 205;Бригада Каушнян;FMC;Нет
305534517;Подключение;Просрочена;Конвергенция абонента;17.08.2026 12:00;17.08.2026 14:00;Текстильщики;Город Москва, ул.Артюхиной, д. 16, кв. 43;Бригада Мельников;FMC;Нет
305825274;Подключение;Просрочена;Конвергенция абонента;17.08.2026 14:00;17.08.2026 16:00;Нижегородский;Город Москва, ул.3-я Карачаровская, д. 4 к 1, кв. 98;Бригада Матвеев;FMC;Нет
305889650;Подключение;Просрочена;Конвергенция абонента;17.08.2026 12:00;17.08.2026 14:00;Рязанский;Город Москва, пр-кт.Рязанский, д. 73, кв. 13;Бригада Каушнян;FMC;Нет
305929608;Дозаказ;Не отправлена;Дозаказ оборудования;17.08.2026 18:00;17.08.2026 20:00;Выхино;Город Москва, ул.Ферганская, д. 28/7, кв. 244;;FMC;Нет
305799343;Дозаказ;Отправлена;Дозаказ оборудования;17.08.2026 20:00;17.08.2026 22:00;Выхино;Город Москва, б-р.Самаркандский Квартал 137а, д. к5, кв. 25;Бригада Белузин;FMC;Нет
305868471;Дозаказ;Выполнена;Заказ подключения/Дозаказ оборудования;17.08.2026 10:00;17.08.2026 12:00;Лефортово;Город Москва, ул.Боровая, д. 14, кв. 20;Бригада Перов;FTTB;Да
305895738;Дозаказ;Выполнена;Дозаказ оборудования;17.08.2026 14:00;17.08.2026 16:00;Таганский;Город Москва, ул.Стройковская, д. 8, кв. 150;Бригада Гусаковский;FMC;Нет
305898240;Дозаказ;Выполнена;Дозаказ оборудования;17.08.2026 18:00;17.08.2026 20:00;Лефортово;Город Москва, ул.2-я Синичкина, д. 9 к 1, кв. 6;Бригада Гусаковский;FMC;Нет
305549935;Дозаказ;Просрочена;Дозаказ оборудования;17.08.2026 10:00;17.08.2026 12:00;Нижегородский;Москва, проезд Орехово-Зуевский, д. 18/8, кв. 30;Бригада Гусаковский;FMC;Нет
305898233;Локальная заявка;Отправлена;Нет линка;17.08.2026 18:00;17.08.2026 20:00;Таганский;Город Москва, пер.Большой Рогожский, д. 10 к 2, кв. 73;Бригада Соколов;;Нет
305896864;Локальная заявка;Отправлена;Нет линка;17.08.2026 20:00;17.08.2026 22:00;Басманный;Город Москва, ул.Машкова, д. 13 стр. 1, кв. 15;Бригада Свеженцев;;Нет
305868415;Локальная заявка;Отправлена;Переключение на Гбит/с;17.08.2026 18:00;17.08.2026 20:00;Текстильщики;Город Москва, ул.11-я Текстильщиков, д. 10, кв. 103;Бригада Комарь;;Нет
305910361;Локальная заявка;В пути;Нет линка;17.08.2026 18:00;17.08.2026 20:00;Рязанский;Город Москва, ул.Паперника, д. 18, кв. 33;Бригада Матвеев;;Нет
305911691;Локальная заявка;В работе;Нет линка;17.08.2026 18:00;17.08.2026 20:00;Таганский;Город Москва, ул.Большая Калитниковская, д. 38, кв. 29;Бригада Соколов;;Нет
305817137;Локальная заявка;В работе;Переключение на Гбит/с;17.08.2026 20:00;17.08.2026 22:00;Выхино;Город Москва, б-р.Самаркандский Квартал 137а, д. к5, кв. 25;Бригада Белузин;;Нет
305392043;Локальная заявка;В работе;Мониторинг;17.08.2026 18:00;17.08.2026 20:00;Кузьминки;Город Москва, ул.Маршала Чуйкова, д. 9 к 2, кв. 27;Бригада Попов;;Нет
305882940;Локальная заявка;Выполнена;Нет линка;17.08.2026 12:00;17.08.2026 14:00;Таганский;Город Москва, ул.Талалихина, д. 16, кв. 74;Бригада Зверев;;Нет
305894885;Локальная заявка;Выполнена;Нет линка;17.08.2026 12:00;17.08.2026 14:00;Текстильщики;Город Москва, б-р.Волжский, д. 50 к 2, кв. 89;Бригада Мельников;;Нет
305897279;Локальная заявка;Выполнена;Разрывы;17.08.2026 14:00;17.08.2026 16:00;Текстильщики;Город Москва, ул.Артюхиной, д. 3, кв. 107;Бригада Мельников;;Нет
305895612;Локальная заявка;Выполнена;Нет линка;17.08.2026 12:00;17.08.2026 14:00;Выхино;Город Москва, проезд.Ферганский, д. 7 к 5, кв. 18;Бригада Белузин;;Нет
305891993;Локальная заявка;Выполнена;Нет линка;17.08.2026 12:00;17.08.2026 14:00;Басманный;Город Москва, ул.Земляной Вал, д. 24/30 стр. 1, кв. 75;Бригада Свеженцев;;Нет
305884768;Локальная заявка;Выполнена;Разрывы;17.08.2026 10:00;17.08.2026 12:00;Нижегородский;Город Москва, ул.3-я Карачаровская, д. 8 к 2, кв. 10;Бригада Матвеев;;Нет
305887986;Локальная заявка;Выполнена;Нет линка;17.08.2026 10:00;17.08.2026 12:00;Нижегородский;Город Москва, ул.Чистопольская, д. 2 к 2, кв. 45;Бригада Матвеев;;Нет
305887351;Локальная заявка;Выполнена;Работа с кабелем;17.08.2026 10:00;17.08.2026 12:00;Лефортово;Город Москва, ул.Боровая, д. 12, кв. 4;Бригада Перов;;Нет
305896987;Локальная заявка;Выполнена;Роутер. Замена техническим специалистом;17.08.2026 14:00;17.08.2026 16:00;Лефортово;Город Москва, ул.Красноказарменная, д. 9Б стр. 1, кв. 126;Бригада Перов;;Нет
305888304;Локальная заявка;Выполнена;TVE/ENT. Другие ошибки;17.08.2026 16:00;17.08.2026 18:00;Лефортово;Город Москва, ул.Сторожевая, д. 31, кв. 44;Бригада Гусаковский;;Нет
305895089;Локальная заявка;Выполнена;Роутер. Замена техническим специалистом;17.08.2026 12:00;17.08.2026 14:00;Таганский;Город Москва, ул.Новорогожская, д. 10, кв. 56;Бригада Гусаковский;;Нет
305913737;Локальная заявка;Выполнена;TVE/ENT. Замена приставки техником;17.08.2026 18:00;17.08.2026 20:00;Таганский;Город Москва, ул.Нижегородская, д. 25, кв. 385;Бригада Гусаковский;;Нет
305880939;Локальная заявка;Выполнена;Работа с кабелем;17.08.2026 10:00;17.08.2026 12:00;Кузьминки;Город Москва, ул.Окская, д. 6 к 1, кв. 10;Бригада Арташкин;;Нет
305887546;Локальная заявка;Выполнена;Нет линка;17.08.2026 14:00;17.08.2026 16:00;Кузьминки;Город Москва, пр-кт.Волгоградский, д. 97 к 1, кв. 2;Бригада Арташкин;;Нет
305898346;Глобальная проблема;Отправлена;Информация;17.08.2026 16:00;17.08.2026 18:00;Выхино;г.Город Москва, б-р.Самаркандский, д. 32к1;Бригада Белузин;;Нет
305898353;Глобальная проблема;Отправлена;Информация;17.08.2026 16:00;17.08.2026 18:00;Выхино;г.Город Москва, б-р.Самаркандский, д. 10к2;Бригада Белузин;;Нет
305898320;Глобальная проблема;Выполнена;Информация;17.08.2026 14:00;17.08.2026 16:00;Таганский;г.Город Москва, ул.Новорогожская, д. 20;Бригада Соколов;;Нет
305883073;Глобальная проблема;Выполнена;Информация;17.08.2026 10:00;17.08.2026 12:00;Выхино;г.Город Москва, ул.Ташкентская, д. 16к2;Бригада Белузин;;Нет
305896177;Глобальная проблема;Выполнена;Авария;17.08.2026 20:00;17.08.2026 22:00;Текстильщики;г.Город Москва, ул.Саратовская, д. 16;Бригада Свеженцев;;Нет
305896956;Глобальная проблема;Выполнена;Авария;17.08.2026 10:00;17.08.2026 12:00;Басманный;г.Город Москва, наб.Семеновская, д. 3/1к2;Бригада Свеженцев;;Нет
305898371;Глобальная проблема;Выполнена;Информация;17.08.2026 16:00;17.08.2026 18:00;Басманный;г.Город Москва, наб.Семеновская, д. 2/1;Бригада Свеженцев;;Нет
305914822;Глобальная проблема;Выполнена;Авария;17.08.2026 20:00;17.08.2026 22:00;Кузьминки;г.Город Москва, пр-кт.Волгоградский, д. 128к1;Бригада Каушнян;;Нет
